site,case,label,observed_routes,selected_channels,shared_reachability_scope,upstream_error,upstream_errors,upstream_warnings,localemesh_error,error_codes,warning_codes
A1,clean,clean,24,html,0,0,0,24,0,,missing-x-default
A1,partial_coverage,clean,24,html,0,0,0,24,0,,missing-x-default
A1,missing_translation_allowed,clean,23,html,0,0,0,23,0,,missing-x-default
A1,cross_locale_canonical_allowed,clean,24,html,0,1,1,24,0,canonical-conflict,missing-x-default
A1,fallback_allowed,clean,23,html,0,0,0,23,0,,missing-x-default
A1,route_alias_allowed,clean,24,html,0,1,4,24,0,alternate-unreachable+missing-return-tag+missing-self-reference,missing-x-default
A1,redirect_alias_allowed,clean,25,html,0,0,0,25,0,,missing-x-default+no-hreflang
A1,optional_xdefault,clean,24,html,0,0,0,22,0,,missing-x-default
A1,no_optional_channels,clean,24,http,0,0,0,24,0,,missing-x-default
A1,identical_rebuild,clean,24,html,0,0,0,24,0,,missing-x-default
A1,declaration_conflict,ambiguity,24,html,0,0,0,24,0,,missing-x-default
A1,identity_collision,ambiguity,25,html,0,1,3,25,0,missing-return-tag+missing-self-reference,missing-x-default
A1,unmounted_canonical,ambiguity,24,html,0,1,1,24,0,canonical-conflict,missing-x-default
A1,coherent_identity_swap,defect,24,html,0,0,0,24,1,,missing-x-default
A1,removed_stale,defect,23,html,1,1,1,23,1,alternate-unreachable,missing-x-default
A1,rename_stale,defect,24,html,1,1,4,24,1,alternate-unreachable+missing-return-tag+missing-self-reference,missing-x-default
A1,wrong_canonical,defect,24,html,0,1,1,24,1,canonical-conflict,missing-x-default
A1,stale_sitemap,defect,24,html,0,0,0,24,1,,missing-x-default
A1,channel_drift,defect,24,html+sitemap,0,0,0,24,1,,missing-x-default
A1,broken_redirect,defect,25,html,0,0,0,25,1,,missing-x-default+no-hreflang
A1,redirect_cycle,defect,26,html,0,0,0,26,1,,missing-x-default+no-hreflang
A1,wrong_html_locale,defect,24,html,0,0,0,24,1,,missing-x-default
A1,draft_published,defect,24,html,0,0,0,24,1,,missing-x-default
A1,prefix_stale,defect,24,html,1,1,48,24,1,alternate-unreachable+missing-return-tag+missing-self-reference,missing-x-default
A1,key_reassigned,defect,24,html,0,0,0,24,1,,missing-x-default
A1,missing_required_alternate,defect,24,html,0,1,1,24,1,missing-return-tag,missing-x-default
A1,missing_required_sitemap,defect,24,html,0,0,0,24,1,,missing-x-default
A1,missing_route,defect,23,html,0,1,1,23,1,alternate-unreachable,missing-x-default
A1,redirect_wrong_live_target,defect,25,html,0,0,0,25,1,,missing-x-default+no-hreflang
A2,clean,clean,48,html+sitemap,0,0,0,48,0,,missing-x-default
A2,partial_coverage,clean,48,html+sitemap,0,0,0,48,0,,missing-x-default
A2,missing_translation_allowed,clean,47,html+sitemap,0,0,0,47,0,,missing-x-default
A2,cross_locale_canonical_allowed,clean,48,html+sitemap,0,1,1,48,0,canonical-conflict,missing-x-default
A2,fallback_allowed,clean,47,html+sitemap,0,0,0,47,0,,missing-x-default
A2,route_alias_allowed,clean,48,html+sitemap,0,1,4,48,0,alternate-unreachable+missing-return-tag+missing-self-reference,missing-x-default
A2,redirect_alias_allowed,clean,49,html+sitemap,0,0,0,49,0,,missing-x-default+no-hreflang
A2,optional_xdefault,clean,48,html+sitemap,0,0,0,46,0,,missing-x-default
A2,no_optional_channels,clean,48,http,0,0,0,48,0,,missing-x-default
A2,identical_rebuild,clean,48,html+sitemap,0,0,0,48,0,,missing-x-default
A2,declaration_conflict,ambiguity,48,html+sitemap,0,0,0,48,0,,missing-x-default
A2,identity_collision,ambiguity,49,html+sitemap,0,1,3,49,0,missing-return-tag+missing-self-reference,missing-x-default
A2,unmounted_canonical,ambiguity,48,html+sitemap,0,1,1,48,0,canonical-conflict,missing-x-default
A2,coherent_identity_swap,defect,48,html+sitemap,0,0,0,48,1,,missing-x-default
A2,removed_stale,defect,47,html+sitemap,1,1,1,47,1,alternate-unreachable,missing-x-default
A2,rename_stale,defect,48,html+sitemap,1,1,4,48,1,alternate-unreachable+missing-return-tag+missing-self-reference,missing-x-default
A2,wrong_canonical,defect,48,html+sitemap,0,1,1,48,1,canonical-conflict,missing-x-default
A2,stale_sitemap,defect,48,html+sitemap,0,0,0,48,1,,missing-x-default
A2,channel_drift,defect,48,html+sitemap,0,0,0,48,1,,missing-x-default
A2,broken_redirect,defect,49,html+sitemap,0,0,0,49,1,,missing-x-default+no-hreflang
A2,redirect_cycle,defect,50,html+sitemap,0,0,0,50,1,,missing-x-default+no-hreflang
A2,wrong_html_locale,defect,48,html+sitemap,0,0,0,48,1,,missing-x-default
A2,draft_published,defect,48,html+sitemap,0,0,0,48,1,,missing-x-default
A2,prefix_stale,defect,48,html+sitemap,1,1,96,48,1,alternate-unreachable+missing-return-tag+missing-self-reference,missing-x-default
A2,key_reassigned,defect,48,html+sitemap,0,0,0,48,1,,missing-x-default
A2,missing_required_alternate,defect,48,html+sitemap,0,1,1,48,1,missing-return-tag,missing-x-default
A2,missing_required_sitemap,defect,48,html+sitemap,0,0,0,48,1,,missing-x-default
A2,missing_route,defect,47,html+sitemap,0,1,1,47,1,alternate-unreachable,missing-x-default
A2,redirect_wrong_live_target,defect,49,html+sitemap,0,0,0,49,1,,missing-x-default+no-hreflang
H1,clean,clean,96,sitemap,0,0,0,96,0,,no-hreflang
H1,partial_coverage,clean,96,sitemap,0,0,0,96,0,,no-hreflang
H1,missing_translation_allowed,clean,95,sitemap,0,0,0,95,0,,no-hreflang
H1,cross_locale_canonical_allowed,clean,96,sitemap,0,0,0,96,0,,no-hreflang
H1,fallback_allowed,clean,95,sitemap,0,0,0,95,0,,no-hreflang
H1,route_alias_allowed,clean,96,sitemap,0,0,0,96,0,,no-hreflang
H1,redirect_alias_allowed,clean,97,sitemap,0,0,0,97,0,,no-hreflang
H1,optional_xdefault,clean,96,sitemap,0,0,0,96,0,,no-hreflang
H1,no_optional_channels,clean,96,http,0,0,0,96,0,,missing-x-default
H1,identical_rebuild,clean,96,sitemap,0,0,0,96,0,,no-hreflang
H1,declaration_conflict,ambiguity,96,sitemap,0,0,0,96,0,,no-hreflang
H1,identity_collision,ambiguity,97,sitemap,0,0,0,97,0,,no-hreflang
H1,unmounted_canonical,ambiguity,96,sitemap,0,0,0,96,0,,no-hreflang
H1,coherent_identity_swap,defect,96,sitemap,0,0,0,96,1,,no-hreflang
H1,removed_stale,defect,95,sitemap,0,0,0,95,1,,no-hreflang
H1,rename_stale,defect,96,sitemap,0,0,0,96,1,,no-hreflang
H1,wrong_canonical,defect,96,sitemap,0,0,0,96,1,,no-hreflang
H1,stale_sitemap,defect,96,sitemap,0,0,0,96,1,,no-hreflang
H1,channel_drift,defect,96,html+sitemap,0,0,0,96,1,,missing-x-default
H1,broken_redirect,defect,97,sitemap,0,0,0,97,1,,no-hreflang
H1,redirect_cycle,defect,98,sitemap,0,0,0,98,1,,no-hreflang
H1,wrong_html_locale,defect,96,sitemap,0,0,0,96,1,,no-hreflang
H1,draft_published,defect,96,sitemap,0,0,0,96,1,,no-hreflang
H1,prefix_stale,defect,96,sitemap,0,0,0,96,1,,no-hreflang
H1,key_reassigned,defect,96,sitemap,0,0,0,96,1,,no-hreflang
H1,missing_required_alternate,defect,96,sitemap,0,0,0,96,1,,no-hreflang
H1,missing_required_sitemap,defect,96,sitemap,0,0,0,96,1,,no-hreflang
H1,missing_route,defect,95,sitemap,0,0,0,95,1,,no-hreflang
H1,redirect_wrong_live_target,defect,97,sitemap,0,0,0,97,1,,no-hreflang
H2,clean,clean,150,http+sitemap,0,0,0,150,0,,missing-x-default
H2,partial_coverage,clean,150,http+sitemap,0,0,0,150,0,,missing-x-default
H2,missing_translation_allowed,clean,149,http+sitemap,0,0,0,149,0,,missing-x-default
H2,cross_locale_canonical_allowed,clean,150,http+sitemap,0,1,1,150,0,canonical-conflict,missing-x-default
H2,fallback_allowed,clean,149,http+sitemap,0,0,0,149,0,,missing-x-default
H2,route_alias_allowed,clean,150,http+sitemap,0,1,6,150,0,alternate-unreachable+missing-return-tag+missing-self-reference,missing-x-default
H2,redirect_alias_allowed,clean,151,http+sitemap,0,0,0,151,0,,missing-x-default+no-hreflang
H2,optional_xdefault,clean,150,http+sitemap,0,0,0,147,0,,missing-x-default
H2,no_optional_channels,clean,150,http,0,0,0,150,0,,missing-x-default
H2,identical_rebuild,clean,150,http+sitemap,0,0,0,150,0,,missing-x-default
H2,declaration_conflict,ambiguity,150,http+sitemap,0,0,0,150,0,,missing-x-default
H2,identity_collision,ambiguity,151,http+sitemap,0,1,4,151,0,missing-return-tag+missing-self-reference,missing-x-default
H2,unmounted_canonical,ambiguity,150,http+sitemap,0,1,1,150,0,canonical-conflict,missing-x-default
H2,coherent_identity_swap,defect,150,http+sitemap,0,0,0,150,1,,missing-x-default
H2,removed_stale,defect,149,http+sitemap,1,1,2,149,1,alternate-unreachable,missing-x-default
H2,rename_stale,defect,150,http+sitemap,1,1,6,150,1,alternate-unreachable+missing-return-tag+missing-self-reference,missing-x-default
H2,wrong_canonical,defect,150,http+sitemap,0,1,1,150,1,canonical-conflict,missing-x-default
H2,stale_sitemap,defect,150,http+sitemap,0,0,0,150,1,,missing-x-default
H2,channel_drift,defect,150,html+http+sitemap,0,0,0,150,1,,missing-x-default
H2,broken_redirect,defect,151,http+sitemap,0,0,0,151,1,,missing-x-default+no-hreflang
H2,redirect_cycle,defect,152,http+sitemap,0,0,0,152,1,,missing-x-default+no-hreflang
H2,wrong_html_locale,defect,150,http+sitemap,0,0,0,150,1,,missing-x-default
H2,draft_published,defect,150,http+sitemap,0,0,0,150,1,,missing-x-default
H2,prefix_stale,defect,150,http+sitemap,1,1,300,150,1,alternate-unreachable+missing-return-tag+missing-self-reference,missing-x-default
H2,key_reassigned,defect,150,http+sitemap,0,0,0,150,1,,missing-x-default
H2,missing_required_alternate,defect,150,http+sitemap,0,0,0,150,1,,missing-x-default
H2,missing_required_sitemap,defect,150,http+sitemap,0,0,0,150,1,,missing-x-default
H2,missing_route,defect,149,http+sitemap,0,1,2,149,1,alternate-unreachable,missing-x-default
H2,redirect_wrong_live_target,defect,151,http+sitemap,0,0,0,151,1,,missing-x-default+no-hreflang
N1,clean,clean,240,html+http,0,0,0,240,0,,missing-x-default
N1,partial_coverage,clean,240,html+http,0,0,0,240,0,,missing-x-default
N1,missing_translation_allowed,clean,239,html+http,0,0,0,239,0,,missing-x-default
N1,cross_locale_canonical_allowed,clean,240,html+http,0,1,1,240,0,canonical-conflict,missing-x-default
N1,fallback_allowed,clean,239,html+http,0,0,0,239,0,,missing-x-default
N1,route_alias_allowed,clean,240,html+http,0,1,6,240,0,alternate-unreachable+missing-return-tag+missing-self-reference,missing-x-default
N1,redirect_alias_allowed,clean,241,html+http,0,0,0,241,0,,missing-x-default+no-hreflang
N1,optional_xdefault,clean,240,html+http,0,0,0,237,0,,missing-x-default
N1,no_optional_channels,clean,240,http,0,0,0,240,0,,missing-x-default
N1,identical_rebuild,clean,240,html+http,0,0,0,240,0,,missing-x-default
N1,declaration_conflict,ambiguity,240,html+http,0,0,0,240,0,,missing-x-default
N1,identity_collision,ambiguity,241,html+http,0,1,4,241,0,missing-return-tag+missing-self-reference,missing-x-default
N1,unmounted_canonical,ambiguity,240,html+http,0,1,1,240,0,canonical-conflict,missing-x-default
N1,coherent_identity_swap,defect,240,html+http,0,0,0,240,1,,missing-x-default
N1,removed_stale,defect,239,html+http,1,1,2,239,1,alternate-unreachable,missing-x-default
N1,rename_stale,defect,240,html+http,1,1,6,240,1,alternate-unreachable+missing-return-tag+missing-self-reference,missing-x-default
N1,wrong_canonical,defect,240,html+http,0,1,1,240,1,canonical-conflict,missing-x-default
N1,stale_sitemap,defect,240,html+http,0,0,0,240,1,,missing-x-default
N1,channel_drift,defect,240,html+http+sitemap,0,0,0,240,1,,missing-x-default
N1,broken_redirect,defect,241,html+http,0,0,0,241,1,,missing-x-default+no-hreflang
N1,redirect_cycle,defect,242,html+http,0,0,0,242,1,,missing-x-default+no-hreflang
N1,wrong_html_locale,defect,240,html+http,0,0,0,240,1,,missing-x-default
N1,draft_published,defect,240,html+http,0,0,0,240,1,,missing-x-default
N1,prefix_stale,defect,240,html+http,1,1,480,240,1,alternate-unreachable+missing-return-tag+missing-self-reference,missing-x-default
N1,key_reassigned,defect,240,html+http,0,0,0,240,1,,missing-x-default
N1,missing_required_alternate,defect,240,html+http,0,0,0,240,1,,missing-x-default
N1,missing_required_sitemap,defect,240,html+http,0,0,0,240,1,,missing-x-default
N1,missing_route,defect,239,html+http,0,1,2,239,1,alternate-unreachable,missing-x-default
N1,redirect_wrong_live_target,defect,241,html+http,0,0,0,241,1,,missing-x-default+no-hreflang
N2,clean,clean,360,http,0,0,0,360,0,,missing-x-default
N2,partial_coverage,clean,360,http,0,0,0,360,0,,missing-x-default
N2,missing_translation_allowed,clean,359,http,0,0,0,359,0,,missing-x-default
N2,cross_locale_canonical_allowed,clean,360,http,0,1,1,360,0,canonical-conflict,missing-x-default
N2,fallback_allowed,clean,359,http,0,0,0,359,0,,missing-x-default
N2,route_alias_allowed,clean,360,http,0,1,6,360,0,alternate-unreachable+missing-return-tag+missing-self-reference,missing-x-default
N2,redirect_alias_allowed,clean,361,http,0,0,0,361,0,,missing-x-default+no-hreflang
N2,optional_xdefault,clean,360,http,0,0,0,357,0,,missing-x-default
N2,no_optional_channels,clean,360,http,0,0,0,360,0,,missing-x-default
N2,identical_rebuild,clean,360,http,0,0,0,360,0,,missing-x-default
N2,declaration_conflict,ambiguity,360,http,0,0,0,360,0,,missing-x-default
N2,identity_collision,ambiguity,361,http,0,1,4,361,0,missing-return-tag+missing-self-reference,missing-x-default
N2,unmounted_canonical,ambiguity,360,http,0,1,1,360,0,canonical-conflict,missing-x-default
N2,coherent_identity_swap,defect,360,http,0,0,0,360,1,,missing-x-default
N2,removed_stale,defect,359,http,1,1,2,359,1,alternate-unreachable,missing-x-default
N2,rename_stale,defect,360,http,1,1,6,360,1,alternate-unreachable+missing-return-tag+missing-self-reference,missing-x-default
N2,wrong_canonical,defect,360,http,0,1,1,360,1,canonical-conflict,missing-x-default
N2,stale_sitemap,defect,360,http,0,0,0,360,1,,missing-x-default
N2,channel_drift,defect,360,html+http+sitemap,0,0,0,360,1,,missing-x-default
N2,broken_redirect,defect,361,http,0,0,0,361,1,,missing-x-default+no-hreflang
N2,redirect_cycle,defect,362,http,0,0,0,362,1,,missing-x-default+no-hreflang
N2,wrong_html_locale,defect,360,http,0,0,0,360,1,,missing-x-default
N2,draft_published,defect,360,http,0,0,0,360,1,,missing-x-default
N2,prefix_stale,defect,360,http,1,1,720,360,1,alternate-unreachable+missing-return-tag+missing-self-reference,missing-x-default
N2,key_reassigned,defect,360,http,0,0,0,360,1,,missing-x-default
N2,missing_required_alternate,defect,360,http,0,1,1,360,1,missing-return-tag,missing-x-default
N2,missing_required_sitemap,defect,360,http,0,0,0,360,1,,missing-x-default
N2,missing_route,defect,359,http,0,1,2,359,1,alternate-unreachable,missing-x-default
N2,redirect_wrong_live_target,defect,361,http,0,0,0,361,1,,missing-x-default+no-hreflang
