site,case,label,expected_rule,routes,emission_kind,channel,release_findings,ambiguities,full_detected,incremental_detected,manifest_detected,deadlink_detected,html_detected,joint_detected,blind_detected,agreement,projected_agreement,transaction_agreement,coalesced_agreement,coalesced_transaction_agreement,sliced_agreement,sliced_transaction_agreement,sliced_invalidated_readers,parse_snapshot_ns,full_ns,changed_facts,invalidated_owners,invalidation_ns,update_ns,dependency_edges
JH,clean,clean,,12,independent-json-html-emitter,html,0,0,0,0,0,0,0,0,0,1,1,1,1,1,1,1,0,4192637,121359,0,0,1232,2343,108
JH,legal_partial,clean,,12,independent-json-html-emitter,html,0,0,0,0,0,0,0,0,1,1,1,1,1,1,1,1,2,3393297,141789,4,4,7761,357397,102
JH,cross_locale_canonical_allowed,clean,,12,independent-json-html-emitter,html,0,0,0,0,0,0,0,0,1,1,1,1,1,1,1,1,1,3477942,119256,2,3,3145,75201,108
JH,identity_swap,defect,DISCOVERY_ID,12,independent-json-html-emitter,html,4,0,1,1,0,0,0,0,0,1,1,1,1,1,1,1,4,3274993,135640,4,6,4617,159366,108
JH,removed_page,defect,MISSING_ROUTE,12,independent-json-html-emitter,html,3,0,1,1,1,1,1,1,0,1,1,1,1,1,1,1,3,3782031,118004,1,3,2314,50465,102
JH,wrong_lang,defect,LANGUAGE,12,independent-json-html-emitter,html,1,0,1,1,0,0,1,1,1,1,1,1,1,1,1,1,1,3269244,123081,1,3,2393,66688,108
JH,wrong_canonical,defect,CANONICAL_POLICY,12,independent-json-html-emitter,html,1,0,1,1,0,0,0,0,1,1,1,1,1,1,1,1,1,4178645,130132,1,3,2714,69973,108
JH,missing_required,defect,DISCOVERY_MISSING,12,independent-json-html-emitter,html,2,0,1,1,0,0,1,1,1,1,1,1,1,1,1,1,2,3683295,126507,1,3,3044,73408,105
JH,declaration_conflict,ambiguity,DECLARATION_CONFLICT,12,independent-json-html-emitter,html,0,2,0,0,0,0,0,0,0,1,1,1,1,1,1,1,2,3732958,118855,1,2,2153,43204,102
JH,duplicate_identity,ambiguity,IDENTITY_COLLISION,13,independent-json-html-emitter,html,0,3,0,0,0,0,1,1,0,1,1,1,1,1,1,1,3,4184003,126917,3,3,3626,61331,109
TS,clean,clean,,15,independent-toml-sitemap-emitter,sitemap,0,0,0,0,0,0,0,0,0,1,1,1,1,1,1,1,0,4031299,190250,0,0,901,1923,210
TS,legal_partial,clean,,15,independent-toml-sitemap-emitter,sitemap,0,0,0,0,0,0,0,0,1,1,1,1,1,1,1,1,9,5085484,184573,6,3,5779,84275,186
TS,cross_locale_canonical_allowed,clean,,15,independent-toml-sitemap-emitter,sitemap,0,0,0,0,0,0,0,0,1,1,1,1,1,1,1,1,1,4745612,200196,2,4,3615,111524,210
TS,identity_swap,defect,DISCOVERY_ID,15,independent-toml-sitemap-emitter,sitemap,8,0,1,1,0,0,0,0,0,1,1,1,1,1,1,1,18,4244953,212454,6,6,6259,208087,210
TS,removed_page,defect,MISSING_ROUTE,15,independent-toml-sitemap-emitter,sitemap,5,0,1,1,1,1,0,1,0,1,1,1,1,1,1,1,4,4181199,198693,1,4,2404,84274,195
TS,wrong_lang,defect,LANGUAGE,15,independent-toml-sitemap-emitter,sitemap,1,0,1,1,0,0,0,1,1,1,1,1,1,1,1,1,1,4729739,198082,1,4,2544,100308,210
TS,wrong_canonical,defect,CANONICAL_POLICY,15,independent-toml-sitemap-emitter,sitemap,1,0,1,1,0,0,0,0,1,1,1,1,1,1,1,1,1,4617123,200536,1,4,2944,104153,210
TS,missing_required,defect,DISCOVERY_MISSING,15,independent-toml-sitemap-emitter,sitemap,2,0,1,1,0,0,0,1,1,1,1,1,1,1,1,1,5,4213507,198493,1,3,2504,75672,206
TS,declaration_conflict,ambiguity,DECLARATION_CONFLICT,15,independent-toml-sitemap-emitter,sitemap,0,3,0,0,0,0,0,0,0,1,1,1,1,1,1,1,3,4292514,185974,1,3,2424,94961,196
TS,duplicate_identity,ambiguity,IDENTITY_COLLISION,16,independent-toml-sitemap-emitter,sitemap,0,4,0,0,0,0,0,0,0,1,1,1,1,1,1,1,4,4911106,188728,3,4,3525,82832,204
CH,clean,clean,,18,independent-csv-header-emitter,http,0,0,0,0,0,0,0,0,0,1,1,1,1,1,1,1,0,6033983,239153,0,0,991,2313,216
CH,legal_partial,clean,,18,independent-csv-header-emitter,http,0,0,0,0,0,0,0,0,1,1,1,1,1,1,1,1,3,5954716,221998,6,6,6429,167076,198
CH,cross_locale_canonical_allowed,clean,,18,independent-csv-header-emitter,http,0,0,0,0,0,0,0,0,1,1,1,1,1,1,1,1,1,6335929,313262,2,4,3736,134288,216
CH,identity_swap,defect,DISCOVERY_ID,18,independent-csv-header-emitter,http,8,0,1,1,0,0,0,0,0,1,1,1,1,1,1,1,6,6151717,238823,6,9,6921,259323,216
CH,removed_page,defect,MISSING_ROUTE,18,independent-csv-header-emitter,http,4,0,1,1,1,1,0,1,0,1,1,1,1,1,1,1,4,6293106,237500,1,4,2584,82011,205
CH,wrong_lang,defect,LANGUAGE,18,independent-csv-header-emitter,http,1,0,1,1,0,0,0,1,1,1,1,1,1,1,1,1,1,6182142,228287,1,4,2574,106037,216
CH,wrong_canonical,defect,CANONICAL_POLICY,18,independent-csv-header-emitter,http,1,0,1,1,0,0,0,0,1,1,1,1,1,1,1,1,1,6519650,228047,1,4,2804,111475,216
CH,missing_required,defect,DISCOVERY_MISSING,18,independent-csv-header-emitter,http,2,0,1,1,0,0,0,1,1,1,1,1,1,1,1,1,3,6676081,233023,1,4,2664,119175,213
CH,declaration_conflict,ambiguity,DECLARATION_CONFLICT,18,independent-csv-header-emitter,http,0,3,0,0,0,0,0,0,0,1,1,1,1,1,1,1,3,6424520,221557,1,3,2604,79728,206
CH,duplicate_identity,ambiguity,IDENTITY_COLLISION,19,independent-csv-header-emitter,http,0,4,0,0,0,0,0,0,0,1,1,1,1,1,1,1,4,6899260,364288,3,4,3766,89983,214
PJ,clean,clean,,8,public-source-adapted-jekyll-frontmatter,html,0,0,0,0,0,0,0,0,0,1,1,1,1,1,1,1,0,2894541,159185,0,0,1062,2364,120
PJ,legal_partial,clean,,8,public-source-adapted-jekyll-frontmatter,html,0,0,0,0,0,0,0,0,1,1,1,1,1,1,1,1,4,3069750,106747,8,8,7531,227015,84
PJ,cross_locale_canonical_allowed,clean,,8,public-source-adapted-jekyll-frontmatter,html,0,0,0,0,0,0,0,0,1,1,1,1,1,1,1,1,1,3589326,135801,2,5,4527,174678,120
PJ,identity_swap,defect,DISCOVERY_ID,8,public-source-adapted-jekyll-frontmatter,html,12,0,1,1,0,0,0,0,0,1,1,1,1,1,1,1,8,3569977,154037,8,8,9013,384407,120
PJ,removed_page,defect,MISSING_ROUTE,8,public-source-adapted-jekyll-frontmatter,html,5,0,1,1,1,1,1,1,0,1,1,1,1,1,1,1,5,2844537,136101,1,5,2895,124043,104
PJ,wrong_lang,defect,LANGUAGE,8,public-source-adapted-jekyll-frontmatter,html,1,0,1,1,0,0,1,1,1,1,1,1,1,1,1,1,1,2880971,170672,1,5,2594,142630,120
PJ,wrong_canonical,defect,CANONICAL_POLICY,8,public-source-adapted-jekyll-frontmatter,html,1,0,1,1,0,0,0,0,1,1,1,1,1,1,1,1,1,3147014,141759,1,5,2724,144002,120
PJ,missing_required,defect,DISCOVERY_MISSING,8,public-source-adapted-jekyll-frontmatter,html,2,0,1,1,0,0,1,1,1,1,1,1,1,1,1,1,4,4024619,166205,1,5,3105,152856,117
PJ,declaration_conflict,ambiguity,DECLARATION_CONFLICT,8,public-source-adapted-jekyll-frontmatter,html,0,4,0,0,0,0,0,0,0,1,1,1,1,1,1,1,4,3311606,129941,1,4,2514,103463,106
PJ,duplicate_identity,ambiguity,IDENTITY_COLLISION,9,public-source-adapted-jekyll-frontmatter,html,0,5,0,0,0,0,1,1,0,1,1,1,1,1,1,1,5,3441097,155209,3,5,3195,114439,115
