site,case,label,expected_rule,routes,emission_kind,native_build_status,release_findings,ambiguities,full_detected,incremental_detected,manifest_detected,deadlink_detected,html_detected,joint_detected,blind_detected,no_identity_detected,no_crosschannel_detected,agreement,projected_agreement,transaction_agreement,coalesced_agreement,coalesced_transaction_agreement,sliced_agreement,sliced_transaction_agreement,sliced_invalidated_readers,drop_old_agreement,fixture_emit_ns,parse_snapshot_ns,snapshot_diff_ns,full_ns,changed_facts,invalidated_owners,invalidation_ns,update_ns,dependency_edges
A1,clean,clean,,24,authored_fixture,UNAVAILABLE,0,0,0,0,0,0,0,0,0,0,0,1,1,1,1,1,1,1,0,1,2889644,8037300,96212,292331,0,0,1092,2133,216
A1,partial_coverage,clean,,24,authored_fixture,UNAVAILABLE,0,0,0,0,0,0,0,0,1,0,0,1,1,1,1,1,1,1,2,1,2811428,7203880,128110,482703,4,4,7801,114669,210
A1,missing_translation_allowed,clean,,23,authored_fixture,UNAVAILABLE,0,0,0,0,0,0,0,0,1,0,0,1,1,1,1,1,1,1,8,1,2718352,6462787,130192,246514,7,5,7561,114940,203
A1,cross_locale_canonical_allowed,clean,,24,authored_fixture,UNAVAILABLE,0,0,0,0,0,0,0,0,1,0,0,1,1,1,1,1,1,1,1,1,2690671,6108935,125054,234716,2,3,3345,81840,216
A1,fallback_allowed,clean,,23,authored_fixture,UNAVAILABLE,0,0,0,0,0,0,1,1,1,0,0,1,1,1,1,1,1,1,8,1,2406922,6534653,110523,237741,7,5,7250,115941,204
A1,route_alias_allowed,clean,,24,authored_fixture,UNAVAILABLE,0,0,0,0,0,0,0,0,0,0,0,1,1,1,1,1,1,1,3,1,3433207,7877834,141850,326973,4,24,7772,527669,216
A1,redirect_alias_allowed,clean,,25,authored_fixture,UNAVAILABLE,0,0,0,0,0,0,0,0,0,0,0,1,1,1,1,1,1,1,1,1,2532137,6357892,70805,263879,2,1,2464,23365,221
A1,optional_xdefault,clean,,24,authored_fixture,UNAVAILABLE,0,0,0,0,0,0,0,0,0,0,0,1,1,1,1,1,1,1,2,1,2468753,8832925,107559,262067,2,4,4677,104003,216
A1,no_optional_channels,clean,,24,authored_fixture,UNAVAILABLE,0,0,0,0,0,0,0,0,0,0,0,1,1,1,1,1,1,1,96,1,3449556,7026259,669828,424486,72,24,37766,1271456,216
A1,identical_rebuild,clean,,24,authored_fixture,UNAVAILABLE,0,0,0,0,0,0,0,0,0,0,0,1,1,1,1,1,1,1,0,1,2839280,7105756,99848,240455,0,0,901,1792,216
A1,declaration_conflict,ambiguity,DECLARATION_CONFLICT,24,authored_fixture,UNAVAILABLE,0,2,0,0,0,0,0,0,0,0,0,1,1,1,1,1,1,1,2,1,2729707,8050460,99757,563341,1,2,2914,62031,210
A1,identity_collision,ambiguity,IDENTITY_COLLISION,25,authored_fixture,UNAVAILABLE,0,3,0,0,0,0,1,1,0,0,0,1,1,1,1,1,1,1,3,1,3117570,7383676,95301,240685,4,3,4056,65317,217
A1,unmounted_canonical,ambiguity,UNMOUNTED_TARGET,24,authored_fixture,UNAVAILABLE,0,1,0,0,0,0,0,0,1,0,0,1,1,1,1,1,1,1,1,1,2630302,6368127,79187,258642,2,3,3234,85686,216
A1,coherent_identity_swap,defect,DISCOVERY_ID,24,authored_fixture,UNAVAILABLE,4,0,1,1,0,0,0,0,0,0,1,1,1,1,1,1,1,1,4,1,3079505,6673158,115761,251732,4,6,5599,142661,216
A1,removed_stale,defect,DISCOVERY_TARGET,23,authored_fixture,UNAVAILABLE,2,0,1,1,0,1,1,1,0,1,1,1,1,1,1,1,1,1,8,0,2409296,6271715,53549,300513,4,3,4677,56924,205
A1,rename_stale,defect,DISCOVERY_TARGET,24,authored_fixture,UNAVAILABLE,4,0,1,1,0,1,1,1,0,1,1,1,1,1,1,1,1,1,14,0,3348171,6920181,108219,284670,7,4,5608,93748,215
A1,wrong_canonical,defect,CANONICAL_POLICY,24,authored_fixture,UNAVAILABLE,1,0,1,1,0,0,0,0,1,1,1,1,1,1,1,1,1,1,1,1,2668548,8918471,368313,249107,1,3,2904,79887,216
A1,stale_sitemap,defect,SITEMAP_TARGET,24,authored_fixture,UNAVAILABLE,1,1,1,1,0,0,0,0,0,1,1,1,1,1,1,1,1,1,1,1,2809867,7237640,125365,393751,1,1,2364,17005,220
A1,channel_drift,defect,CHANNEL_CONFLICT,24,authored_fixture,UNAVAILABLE,1,0,1,1,0,0,0,1,0,1,0,1,1,1,1,1,1,1,96,1,3171460,11064778,380711,384247,48,24,25778,797727,216
A1,broken_redirect,defect,REDIRECT_TARGET,25,authored_fixture,UNAVAILABLE,1,0,1,1,0,1,0,0,0,1,1,1,1,1,1,1,1,1,1,1,2756307,6281259,111174,256990,2,1,2403,26239,221
A1,redirect_cycle,defect,REDIRECT_TARGET,26,authored_fixture,UNAVAILABLE,2,0,1,1,0,1,0,0,0,1,1,1,1,1,1,1,1,1,2,1,2568270,8116567,119296,270909,4,2,3685,44736,226
A1,wrong_html_locale,defect,LANGUAGE,24,authored_fixture,UNAVAILABLE,1,0,1,1,0,0,1,1,1,1,1,1,1,1,1,1,1,1,1,1,2738812,6531648,107909,243379,1,3,2484,69863,216
A1,draft_published,defect,UNEXPECTED_PUBLICATION,24,authored_fixture,UNAVAILABLE,3,0,1,1,1,0,0,0,0,1,1,1,1,1,1,1,1,1,2,1,2853782,6990977,124323,241676,2,2,3515,53539,211
A1,prefix_stale,defect,DISCOVERY_TARGET,24,authored_fixture,UNAVAILABLE,48,0,1,1,0,1,1,1,0,1,1,1,1,1,1,1,1,1,156,1,2863205,7256768,292121,293373,84,36,36293,702757,204
A1,key_reassigned,defect,DISCOVERY_ID,24,authored_fixture,UNAVAILABLE,3,0,1,1,0,0,0,0,0,0,1,1,1,1,1,1,1,1,4,1,3013667,8008137,219934,343337,3,2,4026,67450,216
A1,missing_required_alternate,defect,DISCOVERY_MISSING,24,authored_fixture,UNAVAILABLE,2,0,1,1,0,0,1,1,1,1,1,1,1,1,1,1,1,1,2,1,2459460,6577627,117494,245032,1,3,3055,71095,213
A1,missing_required_sitemap,defect,SITEMAP_MISSING,24,authored_fixture,UNAVAILABLE,1,0,1,1,0,0,0,0,0,1,1,1,1,1,1,1,1,1,2,1,2823467,6404060,118325,251090,1,1,2564,26990,216
A1,missing_route,defect,MISSING_ROUTE,23,authored_fixture,UNAVAILABLE,4,0,1,1,1,1,1,1,0,1,1,1,1,1,1,1,1,1,3,0,2826411,6113041,95410,266082,1,3,2674,55552,210
A1,redirect_wrong_live_target,defect,REDIRECT_POLICY,25,authored_fixture,UNAVAILABLE,1,0,1,1,0,0,0,0,0,1,1,1,1,1,1,1,1,1,1,1,2770578,7277148,131454,275917,2,1,3855,36153,221
A2,clean,clean,,48,authored_fixture,UNAVAILABLE,0,0,0,0,0,0,0,0,0,0,0,1,1,1,1,1,1,1,0,1,4037318,15150596,210490,707904,0,0,1271,3004,480
A2,partial_coverage,clean,,48,authored_fixture,UNAVAILABLE,0,0,0,0,0,0,0,0,1,0,0,1,1,1,1,1,1,1,8,1,5093366,14455310,286032,717299,6,4,9324,144273,472
A2,missing_translation_allowed,clean,,47,authored_fixture,UNAVAILABLE,0,0,0,0,0,0,0,0,1,0,0,1,1,1,1,1,1,1,11,1,13550224,23821215,414692,679442,8,5,10015,147588,465
A2,cross_locale_canonical_allowed,clean,,48,authored_fixture,UNAVAILABLE,0,0,0,0,0,0,0,0,1,0,0,1,1,1,1,1,1,1,1,1,4920240,18286714,270258,714274,2,3,3936,101439,480
A2,fallback_allowed,clean,,47,authored_fixture,UNAVAILABLE,0,0,0,0,0,0,1,1,1,0,0,1,1,1,1,1,1,1,11,1,5864994,18761755,287103,796445,8,5,11036,312581,466
A2,route_alias_allowed,clean,,48,authored_fixture,UNAVAILABLE,0,0,0,0,0,0,0,0,0,0,0,1,1,1,1,1,1,1,9,1,5672270,17679087,309096,734253,6,48,10686,1053004,480
A2,redirect_alias_allowed,clean,,49,authored_fixture,UNAVAILABLE,0,0,0,0,0,0,0,0,0,0,0,1,1,1,1,1,1,1,1,1,5332619,16657619,269668,899307,2,1,4377,34902,485
A2,optional_xdefault,clean,,48,authored_fixture,UNAVAILABLE,0,0,0,0,0,0,0,0,0,0,0,1,1,1,1,1,1,1,8,1,5288834,15054705,272372,712081,4,4,5648,135860,480
A2,no_optional_channels,clean,,48,authored_fixture,UNAVAILABLE,0,0,0,0,0,0,0,0,0,0,0,1,1,1,1,1,1,1,192,1,4613527,14101248,1154343,412409,144,48,80048,1602995,432
A2,identical_rebuild,clean,,48,authored_fixture,UNAVAILABLE,0,0,0,0,0,0,0,0,0,0,0,1,1,1,1,1,1,1,0,1,5626683,18797518,325730,710909,0,0,1522,3606,480
A2,declaration_conflict,ambiguity,DECLARATION_CONFLICT,48,authored_fixture,UNAVAILABLE,0,3,0,0,0,0,0,0,0,0,0,1,1,1,1,1,1,1,2,1,4893751,15026553,203751,871756,1,2,2674,59037,472
A2,identity_collision,ambiguity,IDENTITY_COLLISION,49,authored_fixture,UNAVAILABLE,0,4,0,0,0,0,1,1,0,0,0,1,1,1,1,1,1,1,3,1,4836227,15675922,237520,729646,4,3,4687,86908,479
A2,unmounted_canonical,ambiguity,UNMOUNTED_TARGET,48,authored_fixture,UNAVAILABLE,0,1,0,0,0,0,0,0,1,0,0,1,1,1,1,1,1,1,1,1,4740555,20068834,212683,736817,2,3,4767,111014,480
A2,coherent_identity_swap,defect,DISCOVERY_ID,48,authored_fixture,UNAVAILABLE,8,0,1,1,0,0,0,0,0,0,1,1,1,1,1,1,1,1,16,1,4989643,15149384,262948,864786,8,6,8202,206365,480
A2,removed_stale,defect,DISCOVERY_TARGET,47,authored_fixture,UNAVAILABLE,3,0,1,1,0,1,1,1,0,1,1,1,1,1,1,1,1,1,8,0,7353491,19492673,312731,807301,4,3,5348,72147,467
A2,rename_stale,defect,DISCOVERY_TARGET,48,authored_fixture,UNAVAILABLE,7,0,1,1,0,1,1,1,0,1,1,1,1,1,1,1,1,1,14,0,5426397,16588458,219644,863845,7,4,6610,123463,478
A2,wrong_canonical,defect,CANONICAL_POLICY,48,authored_fixture,UNAVAILABLE,1,0,1,1,0,0,0,0,1,1,1,1,1,1,1,1,1,1,1,1,5049631,15656322,244421,732962,1,3,3235,92357,480
A2,stale_sitemap,defect,SITEMAP_TARGET,48,authored_fixture,UNAVAILABLE,1,1,1,1,0,0,0,0,0,1,1,1,1,1,1,1,1,1,1,1,5275775,15558007,210680,740643,1,1,2714,17797,484
A2,channel_drift,defect,CHANNEL_CONFLICT,48,authored_fixture,UNAVAILABLE,1,0,1,1,0,0,0,1,0,1,0,1,1,1,1,1,1,1,51,1,5158291,15248751,619003,642137,49,48,42643,1831833,432
A2,broken_redirect,defect,REDIRECT_TARGET,49,authored_fixture,UNAVAILABLE,1,0,1,1,0,1,0,0,0,1,1,1,1,1,1,1,1,1,1,1,5404375,18191543,311540,737708,2,1,3235,30835,485
A2,redirect_cycle,defect,REDIRECT_TARGET,50,authored_fixture,UNAVAILABLE,2,0,1,1,0,1,0,0,0,1,1,1,1,1,1,1,1,1,2,1,7114958,16575489,244070,787622,4,2,3805,47229,490
A2,wrong_html_locale,defect,LANGUAGE,48,authored_fixture,UNAVAILABLE,1,0,1,1,0,0,1,1,1,1,1,1,1,1,1,1,1,1,1,1,5458254,16066638,264611,814632,1,3,2914,92707,480
A2,draft_published,defect,UNEXPECTED_PUBLICATION,48,authored_fixture,UNAVAILABLE,4,0,1,1,1,0,0,0,0,1,1,1,1,1,1,1,1,1,2,1,4814915,16706391,248887,739602,2,2,3715,73108,474
A2,prefix_stale,defect,DISCOVERY_TARGET,48,authored_fixture,UNAVAILABLE,168,0,1,1,0,1,1,1,0,1,1,1,1,1,1,1,1,1,312,1,5397845,18437136,731159,827100,168,72,64966,1772806,432
A2,key_reassigned,defect,DISCOVERY_ID,48,authored_fixture,UNAVAILABLE,5,0,1,1,0,0,0,0,0,0,1,1,1,1,1,1,1,1,4,1,6156675,17324443,314194,742646,3,2,4196,89212,480
A2,missing_required_alternate,defect,DISCOVERY_MISSING,48,authored_fixture,UNAVAILABLE,3,0,1,1,0,0,1,1,1,1,1,1,1,1,1,1,1,1,3,1,5120706,17062437,219784,736096,1,3,3385,94159,480
A2,missing_required_sitemap,defect,SITEMAP_MISSING,48,authored_fixture,UNAVAILABLE,4,0,1,1,0,0,0,1,0,1,1,1,1,1,1,1,1,1,5,0,5652682,16256898,206515,820040,1,2,2464,57325,479
A2,missing_route,defect,MISSING_ROUTE,47,authored_fixture,UNAVAILABLE,5,0,1,1,1,1,1,1,0,1,1,1,1,1,1,1,1,1,3,0,5154005,15230064,210050,722386,1,3,3135,72137,472
A2,redirect_wrong_live_target,defect,REDIRECT_POLICY,49,authored_fixture,UNAVAILABLE,1,0,1,1,0,0,0,0,0,1,1,1,1,1,1,1,1,1,1,1,4796428,17275021,231591,828092,2,1,3225,29374,485
H1,clean,clean,,96,authored_fixture,UNAVAILABLE,0,0,0,0,0,0,0,0,0,0,0,1,1,1,1,1,1,1,0,1,7679662,31296110,214647,1188594,0,0,1753,3906,1344
H1,partial_coverage,clean,,96,authored_fixture,UNAVAILABLE,0,0,0,0,0,0,0,0,1,0,0,1,1,1,1,1,1,1,9,1,9407661,28832154,579435,1202986,6,3,9043,108189,1328
H1,missing_translation_allowed,clean,,95,authored_fixture,UNAVAILABLE,0,0,0,0,0,0,0,0,1,0,0,1,1,1,1,1,1,1,13,1,9468272,27562420,564293,1165079,9,7,11517,180666,1321
H1,cross_locale_canonical_allowed,clean,,96,authored_fixture,UNAVAILABLE,0,0,0,0,0,0,0,0,1,0,0,1,1,1,1,1,1,1,1,1,9833090,31376599,524784,1307239,2,4,5368,114159,1344
H1,fallback_allowed,clean,,95,authored_fixture,UNAVAILABLE,0,0,0,0,0,0,0,1,1,0,0,1,1,1,1,1,1,1,13,1,9968229,27403636,554258,1276314,9,7,10536,177171,1322
H1,route_alias_allowed,clean,,96,authored_fixture,UNAVAILABLE,0,0,0,0,0,0,0,0,0,0,0,1,1,1,1,1,1,1,10,1,9373712,26421928,562850,1189345,5,96,11747,1817892,1344
H1,redirect_alias_allowed,clean,,97,authored_fixture,UNAVAILABLE,0,0,0,0,0,0,0,0,0,0,0,1,1,1,1,1,1,1,1,1,9254796,28471743,674025,1276334,2,1,4287,33810,1349
H1,optional_xdefault,clean,,96,authored_fixture,UNAVAILABLE,0,0,0,0,0,0,0,0,0,0,0,1,1,1,1,1,1,1,9,1,10282133,32920307,858567,1230075,3,3,4657,96212,1344
H1,no_optional_channels,clean,,96,authored_fixture,UNAVAILABLE,0,0,0,0,0,0,0,0,0,0,0,1,1,1,1,1,1,1,384,1,8503057,29625505,2258774,1194012,288,96,166756,4430067,1152
H1,identical_rebuild,clean,,96,authored_fixture,UNAVAILABLE,0,0,0,0,0,0,0,0,0,0,0,1,1,1,1,1,1,1,0,1,11003537,31375757,1096999,1303974,0,0,1452,2875,1344
H1,declaration_conflict,ambiguity,DECLARATION_CONFLICT,96,authored_fixture,UNAVAILABLE,0,3,0,0,0,0,0,0,0,0,0,1,1,1,1,1,1,1,3,1,9344379,31225647,501169,1931380,1,3,3035,79177,1330
H1,identity_collision,ambiguity,IDENTITY_COLLISION,97,authored_fixture,UNAVAILABLE,0,4,0,0,0,0,0,1,0,0,0,1,1,1,1,1,1,1,4,1,9027711,27676680,595899,1232839,4,4,5418,102822,1338
H1,unmounted_canonical,ambiguity,UNMOUNTED_TARGET,96,authored_fixture,UNAVAILABLE,0,1,0,0,0,0,0,0,1,0,0,1,1,1,1,1,1,1,1,1,11309658,35185209,627326,2287395,2,4,7381,150131,1344
H1,coherent_identity_swap,defect,DISCOVERY_ID,96,authored_fixture,UNAVAILABLE,8,0,1,1,0,0,0,0,0,0,1,1,1,1,1,1,1,1,18,1,9981368,28842699,862983,1283313,6,6,9294,188739,1344
H1,removed_stale,defect,DISCOVERY_TARGET,95,authored_fixture,UNAVAILABLE,3,0,1,1,0,1,0,1,0,1,1,1,1,1,1,1,1,1,9,0,13125738,30046226,530984,1416691,4,4,8773,103613,1324
H1,rename_stale,defect,DISCOVERY_TARGET,96,authored_fixture,UNAVAILABLE,6,0,1,1,0,1,0,1,0,1,1,1,1,1,1,1,1,1,15,0,8970858,28464602,560898,1192270,7,5,6860,146175,1339
H1,wrong_canonical,defect,CANONICAL_POLICY,96,authored_fixture,UNAVAILABLE,1,0,1,1,0,0,0,0,1,1,1,1,1,1,1,1,1,1,1,1,9428964,27660385,653555,1607923,1,4,4977,113958,1344
H1,stale_sitemap,defect,SITEMAP_TARGET,96,authored_fixture,UNAVAILABLE,1,1,1,1,0,0,0,0,0,1,1,1,1,1,1,1,1,1,1,1,9061692,26696182,558003,1284956,1,1,2914,22062,1348
H1,channel_drift,defect,CHANNEL_CONFLICT,96,authored_fixture,UNAVAILABLE,1,0,1,1,0,0,0,1,0,1,0,1,1,1,1,1,1,1,194,1,9702547,112462348,2513388,1602254,193,96,183640,4389246,1152
H1,broken_redirect,defect,REDIRECT_TARGET,97,authored_fixture,UNAVAILABLE,1,0,1,1,0,1,0,0,0,1,1,1,1,1,1,1,1,1,1,1,10059444,27333964,854240,1205048,2,1,3735,36654,1349
H1,redirect_cycle,defect,REDIRECT_TARGET,98,authored_fixture,UNAVAILABLE,2,0,1,1,0,1,0,0,0,1,1,1,1,1,1,1,1,1,2,1,9738069,28731966,613015,1298766,4,2,18798,139776,1354
H1,wrong_html_locale,defect,LANGUAGE,96,authored_fixture,UNAVAILABLE,1,0,1,1,0,0,0,1,1,1,1,1,1,1,1,1,1,1,1,1,9529983,34823584,534719,1521605,1,4,3455,108941,1344
H1,draft_published,defect,UNEXPECTED_PUBLICATION,96,authored_fixture,UNAVAILABLE,4,0,1,1,1,0,0,0,0,1,1,1,1,1,1,1,1,1,3,1,9837537,32182708,729577,1278597,2,3,4517,90424,1334
H1,prefix_stale,defect,DISCOVERY_TARGET,96,authored_fixture,UNAVAILABLE,192,0,1,1,0,1,0,1,0,1,1,1,1,1,1,1,1,1,448,1,10330454,33594682,985574,1301110,224,128,87670,2805230,1184
H1,key_reassigned,defect,DISCOVERY_ID,96,authored_fixture,UNAVAILABLE,5,0,1,1,0,0,0,0,0,0,1,1,1,1,1,1,1,1,5,1,10177779,36261406,595939,1716543,3,3,5127,108960,1344
H1,missing_required_alternate,defect,DISCOVERY_MISSING,96,authored_fixture,UNAVAILABLE,2,0,1,1,0,0,0,1,1,1,1,1,1,1,1,1,1,1,5,1,15365013,38656521,788824,1316934,1,3,4046,98835,1340
H1,missing_required_sitemap,defect,SITEMAP_MISSING,96,authored_fixture,UNAVAILABLE,6,0,1,1,0,0,0,1,0,1,1,1,1,1,1,1,1,1,5,0,11284331,30737547,617131,1324244,1,3,3585,73128,1336
H1,missing_route,defect,MISSING_ROUTE,95,authored_fixture,UNAVAILABLE,5,0,1,1,1,1,0,1,0,1,1,1,1,1,1,1,1,1,4,0,9622590,33098842,454380,1334299,1,4,3665,157132,1329
H1,redirect_wrong_live_target,defect,REDIRECT_POLICY,97,authored_fixture,UNAVAILABLE,1,0,1,1,0,0,0,0,0,1,1,1,1,1,1,1,1,1,1,1,10706849,26975807,577893,1285977,2,1,4146,36884,1349
H2,clean,clean,,150,authored_fixture,UNAVAILABLE,0,0,0,0,0,0,0,0,0,0,0,1,1,1,1,1,1,1,0,1,14460409,61496046,726192,3678428,0,0,1483,3686,2100
H2,partial_coverage,clean,,150,authored_fixture,UNAVAILABLE,0,0,0,0,0,0,0,0,1,0,0,1,1,1,1,1,1,1,12,1,21551963,64330338,1191037,4216853,9,6,13690,415403,2084
H2,missing_translation_allowed,clean,,149,authored_fixture,UNAVAILABLE,0,0,0,0,0,0,0,0,1,0,0,1,1,1,1,1,1,1,15,1,16297268,58776773,1290434,3661213,11,7,17836,300734,2077
H2,cross_locale_canonical_allowed,clean,,150,authored_fixture,UNAVAILABLE,0,0,0,0,0,0,0,0,1,0,0,1,1,1,1,1,1,1,1,1,16423235,61206358,1233000,3661844,2,4,5538,184222,2100
H2,fallback_allowed,clean,,149,authored_fixture,UNAVAILABLE,0,0,0,0,0,0,0,1,1,0,0,1,1,1,1,1,1,1,15,1,16279793,167668617,1347769,3753980,11,7,19088,417456,2078
H2,route_alias_allowed,clean,,150,authored_fixture,UNAVAILABLE,0,0,0,0,0,0,0,0,0,0,0,1,1,1,1,1,1,1,13,1,18346774,57945256,1399515,4125989,8,150,19308,5662876,2100
H2,redirect_alias_allowed,clean,,151,authored_fixture,UNAVAILABLE,0,0,0,0,0,0,0,0,0,0,0,1,1,1,1,1,1,1,1,1,27263111,82350129,1293749,3999852,2,1,6029,63213,2105
H2,optional_xdefault,clean,,150,authored_fixture,UNAVAILABLE,0,0,0,0,0,0,0,0,0,0,0,1,1,1,1,1,1,1,12,1,19553524,72101286,1604387,4619186,6,6,10326,292272,2100
H2,no_optional_channels,clean,,150,authored_fixture,UNAVAILABLE,0,0,0,0,0,0,0,0,0,0,0,1,1,1,1,1,1,1,600,1,16084154,57033500,2282258,3255935,300,150,226684,5869791,1800
H2,identical_rebuild,clean,,150,authored_fixture,UNAVAILABLE,0,0,0,0,0,0,0,0,0,0,0,1,1,1,1,1,1,1,0,1,23725220,81370283,2178264,4517216,0,0,1853,4487,2100
H2,declaration_conflict,ambiguity,DECLARATION_CONFLICT,150,authored_fixture,UNAVAILABLE,0,5,0,0,0,0,0,0,0,0,0,1,1,1,1,1,1,1,3,1,17360247,55473228,1265358,4125628,1,3,4216,128860,2086
H2,identity_collision,ambiguity,IDENTITY_COLLISION,151,authored_fixture,UNAVAILABLE,0,6,0,0,0,0,0,1,0,0,0,1,1,1,1,1,1,1,4,1,16852168,55887569,1260030,3698398,4,4,8352,340052,2094
H2,unmounted_canonical,ambiguity,UNMOUNTED_TARGET,150,authored_fixture,UNAVAILABLE,0,1,0,0,0,0,0,0,1,0,0,1,1,1,1,1,1,1,1,1,16852047,61102576,1270315,3813878,2,4,6038,202629,2100
H2,coherent_identity_swap,defect,DISCOVERY_ID,150,authored_fixture,UNAVAILABLE,16,0,1,1,0,0,0,0,0,0,1,1,1,1,1,1,1,1,24,1,17234582,62053138,1272117,3592911,12,9,16554,450304,2100
H2,removed_stale,defect,DISCOVERY_TARGET,149,authored_fixture,UNAVAILABLE,5,0,1,1,0,1,0,1,0,1,1,1,1,1,1,1,1,1,9,0,17672317,55978854,1199290,3733469,4,4,7711,159465,2080
H2,rename_stale,defect,DISCOVERY_TARGET,150,authored_fixture,UNAVAILABLE,11,0,1,1,0,1,0,1,0,1,1,1,1,1,1,1,1,1,15,0,16360572,54524769,1213441,3647252,7,5,8192,215558,2095
H2,wrong_canonical,defect,CANONICAL_POLICY,150,authored_fixture,UNAVAILABLE,1,0,1,1,0,0,0,0,1,1,1,1,1,1,1,1,1,1,1,1,17549647,55738419,1202154,3795881,1,4,4807,278641,2100
H2,stale_sitemap,defect,SITEMAP_TARGET,150,authored_fixture,UNAVAILABLE,1,1,1,1,0,0,0,0,0,1,1,1,1,1,1,1,1,1,1,1,18048885,55686795,1208563,3617548,1,1,4367,30525,2104
H2,channel_drift,defect,CHANNEL_CONFLICT,150,authored_fixture,UNAVAILABLE,1,0,1,1,0,0,0,1,0,1,0,1,1,1,1,1,1,1,302,1,17637918,65661535,7518665,3578702,301,150,347323,10282984,1800
H2,broken_redirect,defect,REDIRECT_TARGET,151,authored_fixture,UNAVAILABLE,1,0,1,1,0,1,0,0,0,1,1,1,1,1,1,1,1,1,1,1,16820822,55695378,1839404,3689635,2,1,5908,58896,2105
H2,redirect_cycle,defect,REDIRECT_TARGET,152,authored_fixture,UNAVAILABLE,2,0,1,1,0,1,0,0,0,1,1,1,1,1,1,1,1,1,2,1,21346541,60049674,1302362,4116424,4,2,5448,65948,2110
H2,wrong_html_locale,defect,LANGUAGE,150,authored_fixture,UNAVAILABLE,1,0,1,1,0,0,0,1,1,1,1,1,1,1,1,1,1,1,1,1,17141034,55496294,1280079,3883130,1,4,4788,183812,2100
H2,draft_published,defect,UNEXPECTED_PUBLICATION,150,authored_fixture,UNAVAILABLE,6,0,1,1,1,0,0,0,0,1,1,1,1,1,1,1,1,1,3,1,18453091,65613805,1264186,3866867,2,3,5378,139406,2090
H2,prefix_stale,defect,DISCOVERY_TARGET,150,authored_fixture,UNAVAILABLE,550,0,1,1,0,1,0,1,0,1,1,1,1,1,1,1,1,1,700,1,18400193,62085598,2418019,4151516,350,200,172625,8117469,1850
H2,key_reassigned,defect,DISCOVERY_ID,150,authored_fixture,UNAVAILABLE,9,0,1,1,0,0,0,0,0,0,1,1,1,1,1,1,1,1,5,1,17625029,57626017,1437341,4543535,3,3,9333,212103,2100
H2,missing_required_alternate,defect,DISCOVERY_MISSING,150,authored_fixture,UNAVAILABLE,3,0,1,1,0,0,0,1,0,1,1,1,1,1,1,1,1,1,6,1,18029235,56451955,1249284,3607453,1,3,4096,135060,2099
H2,missing_required_sitemap,defect,SITEMAP_MISSING,150,authored_fixture,UNAVAILABLE,6,0,1,1,0,0,0,1,0,1,1,1,1,1,1,1,1,1,6,0,17291135,62546358,1428418,3988866,1,3,3566,142501,2098
H2,missing_route,defect,MISSING_ROUTE,149,authored_fixture,UNAVAILABLE,7,0,1,1,1,1,0,1,0,1,1,1,1,1,1,1,1,1,4,0,21099916,63917651,1226360,3712088,1,4,4367,137954,2085
H2,redirect_wrong_live_target,defect,REDIRECT_POLICY,151,authored_fixture,UNAVAILABLE,1,0,1,1,0,0,0,0,0,1,1,1,1,1,1,1,1,1,1,1,17663015,57509786,1254541,3827107,2,1,4717,49222,2105
N1,clean,clean,,240,authored_fixture,UNAVAILABLE,0,0,0,0,0,0,0,0,0,0,0,1,1,1,1,1,1,1,0,1,31728580,141698401,2929914,9040872,0,0,1933,6790,2880
N1,partial_coverage,clean,,240,authored_fixture,UNAVAILABLE,0,0,0,0,0,0,0,0,1,0,0,1,1,1,1,1,1,1,6,1,24138681,105164038,1959352,6819093,6,6,14912,506037,2868
N1,missing_translation_allowed,clean,,239,authored_fixture,UNAVAILABLE,0,0,0,0,0,0,0,0,1,0,0,1,1,1,1,1,1,1,11,1,26804223,111272959,2218043,7161798,9,7,21813,345150,2861
N1,cross_locale_canonical_allowed,clean,,240,authored_fixture,UNAVAILABLE,0,0,0,0,0,0,0,0,1,0,0,1,1,1,1,1,1,1,1,1,24828782,111637172,2507340,8669034,2,4,8803,211673,2880
N1,fallback_allowed,clean,,239,authored_fixture,UNAVAILABLE,0,0,0,0,0,0,1,1,1,0,0,1,1,1,1,1,1,1,11,1,27955817,96146206,2302268,7192354,9,7,26219,335405,2862
N1,route_alias_allowed,clean,,240,authored_fixture,UNAVAILABLE,0,0,0,0,0,0,0,0,0,0,0,1,1,1,1,1,1,1,7,1,23828515,95781042,2256761,7019209,5,240,27690,9188470,2880
N1,redirect_alias_allowed,clean,,241,authored_fixture,UNAVAILABLE,0,0,0,0,0,0,0,0,0,0,0,1,1,1,1,1,1,1,1,1,24722805,228435170,2590983,8846396,2,1,5518,47850,2885
N1,optional_xdefault,clean,,240,authored_fixture,UNAVAILABLE,0,0,0,0,0,0,0,0,0,0,0,1,1,1,1,1,1,1,6,1,25140252,97653575,2143524,6816970,3,6,10155,293173,2880
N1,no_optional_channels,clean,,240,authored_fixture,UNAVAILABLE,0,0,0,0,0,0,0,0,0,0,0,1,1,1,1,1,1,1,960,1,22283135,76449973,6175073,4020834,720,240,896163,13508135,2880
N1,identical_rebuild,clean,,240,authored_fixture,UNAVAILABLE,0,0,0,0,0,0,0,0,0,0,0,1,1,1,1,1,1,1,0,1,26331997,121115975,3038995,7809715,0,0,2013,6359,2880
N1,declaration_conflict,ambiguity,DECLARATION_CONFLICT,240,authored_fixture,UNAVAILABLE,0,5,0,0,0,0,0,0,0,0,0,1,1,1,1,1,1,1,3,1,25331760,98059301,2018810,6727638,1,3,4446,133086,2870
N1,identity_collision,ambiguity,IDENTITY_COLLISION,241,authored_fixture,UNAVAILABLE,0,6,0,0,0,0,1,1,0,0,0,1,1,1,1,1,1,1,4,1,27467633,108406139,2110064,7346411,4,4,7201,176931,2878
N1,unmounted_canonical,ambiguity,UNMOUNTED_TARGET,240,authored_fixture,UNAVAILABLE,0,1,0,0,0,0,0,0,1,0,0,1,1,1,1,1,1,1,1,1,24290254,96293505,2164584,7030565,2,4,8743,227385,2880
N1,coherent_identity_swap,defect,DISCOVERY_ID,240,authored_fixture,UNAVAILABLE,16,0,1,1,0,0,0,0,0,0,1,1,1,1,1,1,1,1,12,1,25585696,101776367,2140088,6746686,6,9,21612,493789,2880
N1,removed_stale,defect,DISCOVERY_TARGET,239,authored_fixture,UNAVAILABLE,5,0,1,1,0,1,1,1,0,1,1,1,1,1,1,1,1,1,9,0,23707694,91307779,2134751,6701659,4,4,9013,178023,2864
N1,rename_stale,defect,DISCOVERY_TARGET,240,authored_fixture,UNAVAILABLE,11,0,1,1,0,1,1,1,0,1,1,1,1,1,1,1,1,1,15,0,23741304,94400031,1900134,6622432,7,5,9534,228877,2877
N1,wrong_canonical,defect,CANONICAL_POLICY,240,authored_fixture,UNAVAILABLE,1,0,1,1,0,0,0,0,1,1,1,1,1,1,1,1,1,1,1,1,24050691,96741277,2150713,6822097,1,4,6309,191312,2880
N1,stale_sitemap,defect,SITEMAP_TARGET,240,authored_fixture,UNAVAILABLE,1,1,1,1,0,0,0,0,0,1,1,1,1,1,1,1,1,1,1,1,23498646,90788312,2134019,6685706,1,1,4777,39108,2884
N1,channel_drift,defect,CHANNEL_CONFLICT,240,authored_fixture,UNAVAILABLE,1,0,1,1,0,0,0,1,0,1,0,1,1,1,1,1,1,1,960,1,26522728,100928505,5828090,6357521,480,240,515731,14406259,2880
N1,broken_redirect,defect,REDIRECT_TARGET,241,authored_fixture,UNAVAILABLE,1,0,1,1,0,1,0,0,0,1,1,1,1,1,1,1,1,1,1,1,24929518,98460324,2754554,7156061,2,1,5418,64094,2885
N1,redirect_cycle,defect,REDIRECT_TARGET,242,authored_fixture,UNAVAILABLE,2,0,1,1,0,1,0,0,0,1,1,1,1,1,1,1,1,1,2,1,25051658,97373330,2372601,7218652,4,2,7111,80830,2890
N1,wrong_html_locale,defect,LANGUAGE,240,authored_fixture,UNAVAILABLE,1,0,1,1,0,0,1,1,1,1,1,1,1,1,1,1,1,1,1,1,24888937,94489024,2251452,7669387,1,4,5598,266904,2880
N1,draft_published,defect,UNEXPECTED_PUBLICATION,240,authored_fixture,UNAVAILABLE,6,0,1,1,1,0,0,0,0,1,1,1,1,1,1,1,1,1,3,1,25108903,114589665,2364078,7693643,2,3,6159,318861,2872
N1,prefix_stale,defect,DISCOVERY_TARGET,240,authored_fixture,UNAVAILABLE,880,0,1,1,0,1,1,1,0,1,1,1,1,1,1,1,1,1,1120,1,26723174,106049853,4499269,7287574,560,320,271110,15774878,2640
N1,key_reassigned,defect,DISCOVERY_ID,240,authored_fixture,UNAVAILABLE,9,0,1,1,0,0,0,0,0,0,1,1,1,1,1,1,1,1,5,1,26528307,103155040,2548210,7086497,3,3,6840,212123,2880
N1,missing_required_alternate,defect,DISCOVERY_MISSING,240,authored_fixture,UNAVAILABLE,3,0,1,1,0,0,1,1,1,1,1,1,1,1,1,1,1,1,4,1,24472914,93663234,1934615,6875415,1,4,6079,215067,2880
N1,missing_required_sitemap,defect,SITEMAP_MISSING,240,authored_fixture,UNAVAILABLE,1,0,1,1,0,0,0,0,0,1,1,1,1,1,1,1,1,1,2,1,25990874,94628288,2138275,6897269,1,1,5278,75181,2880
N1,missing_route,defect,MISSING_ROUTE,239,authored_fixture,UNAVAILABLE,7,0,1,1,1,1,1,1,0,1,1,1,1,1,1,1,1,1,4,0,29858190,103648168,2205664,6685826,1,4,4887,168148,2869
N1,redirect_wrong_live_target,defect,REDIRECT_POLICY,241,authored_fixture,UNAVAILABLE,1,0,1,1,0,0,0,0,0,1,1,1,1,1,1,1,1,1,1,1,25795505,98149344,2253895,6986871,2,1,5027,55301,2885
N2,clean,clean,,360,authored_fixture,UNAVAILABLE,0,0,0,0,0,0,0,0,0,0,0,1,1,1,1,1,1,1,0,1,37266232,123227351,2641067,7152805,0,0,2043,4516,4320
N2,partial_coverage,clean,,360,authored_fixture,UNAVAILABLE,0,0,0,0,0,0,0,0,1,0,0,1,1,1,1,1,1,1,3,1,48904596,130547352,3216196,7621607,6,6,20921,481671,4308
N2,missing_translation_allowed,clean,,359,authored_fixture,UNAVAILABLE,0,0,0,0,0,0,0,0,1,0,0,1,1,1,1,1,1,1,9,1,45255051,120195977,2909323,8051060,9,7,23695,248957,4301
N2,cross_locale_canonical_allowed,clean,,360,authored_fixture,UNAVAILABLE,0,0,0,0,0,0,0,0,1,0,0,1,1,1,1,1,1,1,1,1,48676649,129674795,2942462,8929337,2,4,8944,183842,4320
N2,fallback_allowed,clean,,359,authored_fixture,UNAVAILABLE,0,0,0,0,0,0,0,1,1,0,0,1,1,1,1,1,1,1,9,1,47532216,134473154,2804237,8224626,9,7,26889,380341,4302
N2,route_alias_allowed,clean,,360,authored_fixture,UNAVAILABLE,0,0,0,0,0,0,0,0,0,0,0,1,1,1,1,1,1,1,4,1,46512653,124282056,2907700,8074865,5,360,36003,10914605,4320
N2,redirect_alias_allowed,clean,,361,authored_fixture,UNAVAILABLE,0,0,0,0,0,0,0,0,0,0,0,1,1,1,1,1,1,1,1,1,51992723,121673847,2730268,6955984,2,1,6129,65006,4325
N2,optional_xdefault,clean,,360,authored_fixture,UNAVAILABLE,0,0,0,0,0,0,0,0,0,0,0,1,1,1,1,1,1,1,3,1,43630240,118223977,2823396,7981937,3,6,9163,247265,4320
N2,no_optional_channels,clean,,360,authored_fixture,UNAVAILABLE,0,0,0,0,0,0,0,0,0,0,0,1,1,1,1,1,1,1,1080,1,41671499,114124568,6825321,7302265,720,360,675898,13887993,4320
N2,identical_rebuild,clean,,360,authored_fixture,UNAVAILABLE,0,0,0,0,0,0,0,0,0,0,0,1,1,1,1,1,1,1,0,1,45192508,143603027,4005741,8746006,0,0,2043,5719,4320
N2,declaration_conflict,ambiguity,DECLARATION_CONFLICT,360,authored_fixture,UNAVAILABLE,0,3,0,0,0,0,0,0,0,0,0,1,1,1,1,1,1,1,3,1,43675630,129571512,2687847,8237445,1,3,4066,115831,4310
N2,identity_collision,ambiguity,IDENTITY_COLLISION,361,authored_fixture,UNAVAILABLE,0,4,0,0,0,0,0,1,0,0,0,1,1,1,1,1,1,1,4,1,47311254,122755314,2669249,7841702,4,4,9414,178854,4318
N2,unmounted_canonical,ambiguity,UNMOUNTED_TARGET,360,authored_fixture,UNAVAILABLE,0,1,0,0,0,0,0,0,1,0,0,1,1,1,1,1,1,1,1,1,43303308,120906459,2755756,7632032,2,4,7872,186545,4320
N2,coherent_identity_swap,defect,DISCOVERY_ID,360,authored_fixture,UNAVAILABLE,8,0,1,1,0,0,0,0,0,0,1,1,1,1,1,1,1,1,6,1,45861984,126117979,2786351,8431070,6,9,24436,368554,4320
N2,removed_stale,defect,DISCOVERY_TARGET,359,authored_fixture,UNAVAILABLE,3,0,1,1,0,1,0,1,0,1,1,1,1,1,1,1,1,1,9,0,43365028,129523102,2963653,8004681,4,4,7110,121879,4304
N2,rename_stale,defect,DISCOVERY_TARGET,360,authored_fixture,UNAVAILABLE,6,0,1,1,0,1,0,1,0,1,1,1,1,1,1,1,1,1,15,0,45621469,125926015,3200513,7663047,7,5,10966,195458,4317
N2,wrong_canonical,defect,CANONICAL_POLICY,360,authored_fixture,UNAVAILABLE,1,0,1,1,0,0,0,0,1,1,1,1,1,1,1,1,1,1,1,1,51775519,128879112,2883265,9689257,1,4,6420,196951,4320
N2,stale_sitemap,defect,SITEMAP_TARGET,360,authored_fixture,UNAVAILABLE,1,1,1,1,0,0,0,0,0,1,1,1,1,1,1,1,1,1,1,1,43094720,120736257,2739582,8051071,1,1,5088,52327,4324
N2,channel_drift,defect,CHANNEL_CONFLICT,360,authored_fixture,UNAVAILABLE,1,0,1,1,0,0,0,1,0,1,0,1,1,1,1,1,1,1,1440,1,54203372,340654446,15407515,10577388,1080,360,2002034,33570286,4320
N2,broken_redirect,defect,REDIRECT_TARGET,361,authored_fixture,UNAVAILABLE,1,0,1,1,0,1,0,0,0,1,1,1,1,1,1,1,1,1,1,1,46681758,136013865,4626243,8537203,2,1,7221,63554,4325
N2,redirect_cycle,defect,REDIRECT_TARGET,362,authored_fixture,UNAVAILABLE,2,0,1,1,0,1,0,0,0,1,1,1,1,1,1,1,1,1,2,1,43766002,120898920,3501697,8001868,4,2,7511,97224,4330
N2,wrong_html_locale,defect,LANGUAGE,360,authored_fixture,UNAVAILABLE,1,0,1,1,0,0,0,1,1,1,1,1,1,1,1,1,1,1,1,1,45207468,121121418,3004994,7473709,1,4,5989,182159,4320
N2,draft_published,defect,UNEXPECTED_PUBLICATION,360,authored_fixture,UNAVAILABLE,4,0,1,1,1,0,0,0,0,1,1,1,1,1,1,1,1,1,3,1,45111176,115925071,2760163,7281825,2,3,7391,159685,4312
N2,prefix_stale,defect,DISCOVERY_TARGET,360,authored_fixture,UNAVAILABLE,720,0,1,1,0,1,0,1,0,1,1,1,1,1,1,1,1,1,1680,1,42566652,118027853,5465505,7489292,840,480,486147,14934407,3960
N2,key_reassigned,defect,DISCOVERY_ID,360,authored_fixture,UNAVAILABLE,5,0,1,1,0,0,0,0,0,0,1,1,1,1,1,1,1,1,5,1,46032647,122430700,3312077,7850314,3,3,7601,163882,4320
N2,missing_required_alternate,defect,DISCOVERY_MISSING,360,authored_fixture,UNAVAILABLE,2,0,1,1,0,0,0,1,1,1,1,1,1,1,1,1,1,1,3,1,45059140,117845074,2607377,7040769,1,4,6119,168048,4317
N2,missing_required_sitemap,defect,SITEMAP_MISSING,360,authored_fixture,UNAVAILABLE,1,0,1,1,0,0,0,0,0,1,1,1,1,1,1,1,1,1,2,1,46192374,114079927,2787914,7479185,1,1,5358,76673,4320
N2,missing_route,defect,MISSING_ROUTE,359,authored_fixture,UNAVAILABLE,5,0,1,1,1,1,0,1,0,1,1,1,1,1,1,1,1,1,4,0,42974024,123150820,2628729,8546229,1,4,7300,259983,4309
N2,redirect_wrong_live_target,defect,REDIRECT_POLICY,361,authored_fixture,UNAVAILABLE,1,0,1,1,0,0,0,0,0,1,1,1,1,1,1,1,1,1,1,1,44993795,122992827,2744810,8378712,2,1,6419,66848,4325
